<assembly>
  <!--id>dist</id-->
  <formats>
    <format>zip</format>
    <format>tar.gz</format>
    <format>tar.bz2</format>
  </formats>
  <fileSets>
    <fileSet>
      <directory>src/main/resources</directory>
      <outputDirectory></outputDirectory>
    </fileSet>
    <!--fileSet>
      <directory>target/assembly/jersey-javadoc</directory>
      <outputDirectory>apidocs/jersey</outputDirectory>
    </fileSet>
    <fileSet>
      <directory>target/assembly/jax-rs-javadoc</directory>
      <outputDirectory>apidocs/jsr311</outputDirectory>
    </fileSet-->
    <fileSet>
      <directory>target/assembly/apidocs</directory>
      <outputDirectory>apidocs</outputDirectory>
    </fileSet>
     <fileSet>
      <directory>target/assembly</directory>
      <includes>
        <include>jsr311-api-*.jar</include>
        <include>jersey-server-*.jar</include>
        <include>jersey-client-*.jar</include>
        <include>jersey-core-*.jar</include>
        <include>jersey-json-*.jar</include>
        <include>jettison-*.jar</include>
        <include>jackson*.jar</include>
        <include>asm-*.jar</include>
      </includes>
      <outputDirectory>lib</outputDirectory>
    </fileSet>
     <fileSet>
      <directory>target/assembly/contribs</directory>
          <includes>
              <include>*.jar</include>
          </includes>
      <outputDirectory>contribs</outputDirectory>
    </fileSet>
   </fileSets>
</assembly>
