<assembly>
  <id>project</id>
  <includeBaseDirectory>false</includeBaseDirectory>
  <formats>
    <format>zip</format>
  </formats>
  <fileSets>
    <fileSet>
      <directory>src/main/resources</directory>
      <outputDirectory></outputDirectory>
    </fileSet>
     <fileSet>
      <directory>target/assembly</directory>
      <includes>
        <include>jsr311-api.jar</include>
        <include>jersey-gf-bundle.jar</include>
        <include>jackson-asl.jar</include>
        <include>jettison.jar</include>
      </includes>
      <outputDirectory>glassfish/modules</outputDirectory>
    </fileSet>
   </fileSets>
</assembly>
