<assembly>
  <includeBaseDirectory>false</includeBaseDirectory>
  <formats>
    <format>zip</format>
  </formats>
  <fileSets>
    <fileSet>
      <directory>src/main/resources</directory>
      <outputDirectory></outputDirectory>
    </fileSet>
    <fileSet>
      <directory>target/assembly/jersey-javadoc</directory>
      <outputDirectory>jersey/apidocs/jersey</outputDirectory>
    </fileSet>
    <fileSet>
      <directory>target/assembly/jax-rs-javadoc</directory>
      <outputDirectory>jersey/apidocs/jsr311</outputDirectory>
    </fileSet>
     <fileSet>
      <directory>target/assembly/samples</directory>
      <outputDirectory>jersey/samples</outputDirectory>
    </fileSet>
     <fileSet>
      <directory>target/assembly</directory>
      <includes>
        <include>jsr311-api-*.jar</include>
        <include>jersey-bundle-*.jar</include>
        <include>jettison-*.jar</include>
        <include>jackson*.jar</include>
        <include>asm-*.jar</include>
      </includes>
      <outputDirectory>lib</outputDirectory>
    </fileSet>
   </fileSets>
</assembly>
